# Nicknames Korean players use, collected from CHUNITHM minor gallery (dcinside) post titles: title<TAB>nickname<TAB>...
YOUNITHM	유니	유니즘	뉴니즘	유니마	유니흑	흑니즘
Melodiniq	멜로디닉	멜로디니크	멜마	멜흑
混沌を越えし我らが神聖なる調律主を讃えよ	조율주
Sweet & Sour	새콤달콤
THE TRiANGLE	삼각형
Phantom Crisis	팬크라	팬텀
End Time	엔탐
Beenden	벤덴
Rrhar'il	르하일
glory MAX -to the MAXimum-	글맥
Moon of Noon	문눈
Memories of Sun and Moon	썬앤문	선앤문
Galaxy Collapse	갤콥	갤콜
Stardust:RAY	스더레
7thSense	7감각	칠감각
超MANJIラッシュ	만지
激烈!!!!ファミレスガールは帰しま1000!!!!	파미레스
【3Dサウンド】小野ちゃんが真夏のビーチでスイカを叩き割る話【イヤホン推奨】	수박깨기
Falsum Atlantis.	팔섬아틀란티스	팔섬
輪廻玲々	윤회영영
ジェヘナ	게헨나
祈 -我ら神祖と共に歩む者なり-	이노리
ビッグブリッヂの死闘 -シアトリズムFFAC Arrange- from FFV	빅브릿지
To：Be Continued	투비컨
Crossmythos Rhapsodia	랩소디아
ラストピースに祝福と栄光を	라스트피스
其のエメラルドを見よ	에메랄드
宛城、炎上！！	염상
玩具狂奏曲 -終焉-	완구
Air	에어
ALTER EGO	알터에고
μ3	뮤3	뮤쓰리
Aleph-0	알레프제로
Tuatha Dé Danann	다난
Disruptor Array	디스럽터
DOMiNUS_GRAiL	도미너스
躯樹の墓守	묘지기
