# Korean pronunciations of Latin-alphabet song titles, for the guessing games (title<TAB>reading<TAB>...)
#FairyJoke	페어리조크
#SUP3RORBITAL	슈퍼오비탈
-OutsideR:RequieM-	아웃사이더 레퀴엠
39	산큐
7 Wonders	세븐 원더스
7thSense	세븐스센스
8OROCHI	야마타노오로치	오로치
[CRYSTAL_ACCESS]	크리스탈 액세스
A c i - L	애시드
A Man In The Mirror	맨 인 더 미러
A Site De La Rue	아 시트 드 라 뤼
absolute rightness	앱솔루트 라이트니스
Abstruse Dilemma	업스트루스 딜레마
Acceleration	액셀러레이션
Acid God	애시드 갓
ADAM	아담
Adverse Gaff	어드버스 개프
Aegleseeker	아이글시커	에글시커
Aether Crest: Celestial	에테르 크레스트 셀레스티얼	에테르크레스트
Aetheric Energy	에테릭 에너지
After Burner	애프터 버너
AFTER PANDORA	애프터 판도라
AiAe	아이아에
Aiolos	아이올로스
Air	에어
air's gravity	에어스 그래비티
Akasagarbha -reincarnate-	아카사가르바
Alcyone	알키오네	알시오네
Alea jacta est!	알레아 야크타 에스트
Aleph-0	알레프 제로	알레프
Alexandrite	알렉산드라이트
Alice's Suitcase	앨리스 슈트케이스
ALiVE	얼라이브
All Over Again	올 오버 어게인
Alma	알마
Altale	알테일	알탈레
ALTER EGO	알터 에고
AMABIE	아마비에
Amatsu	아마츠
AMAZING MIGHTYYYY!!!!	어메이징 마이티
Amereistr	아메레이스터
Angel dust	엔젤 더스트
Angelic Layer	엔젤릭 레이어
ANU	아누
Apollo	아폴로
Aragami	아라가미
ARAIS	아라이스
Arcahv	아카브
Armageddon	아마겟돈
ARROW	애로우
Arty Party	아티 파티
Ascension to Heaven	어센션 투 헤븐
ASH	애시
AstrøNotes.	아스트로노츠
Athlete Killer "Meteor"	애슬릿 킬러 메테오
ATLAS RUSH	아틀라스 러시
AttraqtiA	어트랙티아
AVALON	아발론
Ave Mujica	아베 무지카
awake	어웨이크
Axeria	액세리아
AXION	액시온
B.B.K.K.B.K.K.	비비케이케이비케이케이	빗빗
B.M.S.	비엠에스
B100d Hunter	블러드 헌터
Back 2 Back	백 투 백
Bad Apple!! feat.nomico	배드 애플	배드애플
Bad Apple!! feat.nomico (Tetsuya Komuro Remix)	배드 애플 코무로 리믹스
Baddest	배디스트
BAD∞END∞NIGHT	배드 엔드 나이트
Bang Babang Bang!!!	뱅 바뱅 뱅
BANG!	뱅
Baqeela	바킬라
Barbed Eye	바브드 아이
BATTLE NO.1	배틀 넘버원
Beat of getting entangled	비트 오브 게팅 인탱글드
Beat Of Mind	비트 오브 마인드
Beat Opera op.1	비트 오페라
Beautiful Future	뷰티풀 퓨처
Beenden	베엔덴
Beginning together!	비기닝 투게더
Believe the Rainbow	빌리브 더 레인보우
Big Bang	빅뱅
Big Daddy	빅 대디
BIRTH	버스
Black Lair	블랙 레어
Black Lotus	블랙 로터스
Black MInD	블랙 마인드
Black Out	블랙 아웃
BLACK SWAN	블랙 스완
Black Swan Lake	블랙 스완 레이크
BlackFlagBreaker!!	블랙플래그브레이커
Blackmagik Blazing	블랙매직 블레이징
BlazinG AIR	블레이징 에어
Blazing:Storm	블레이징 스톰
Blessed Rain	블레스드 레인
Blew Moon	블루 문
Bloody Trail	블러디 트레일
Blow My Mind	블로우 마이 마인드
Blows Up Everything	블로우즈 업 에브리씽
Blue Noise	블루 노이즈
BLUE ZONE	블루 존
BlythE	블라이스
BOKUTO	보쿠토
BOOM! BOOM!! BOOM!!!	붐 붐 붐
BOUNCE & DANCE	바운스 앤 댄스
Boys O’Clock	보이즈 어클락
Brain Power	브레인 파워
Break The Speakers	브레이크 더 스피커스
BREAK YOU!!	브레이크 유
BREaK! BREaK! BREaK!	브레이크 브레이크 브레이크
Brightness	브라이트니스
brilliant better	브릴리언트 베터
Bring it on	브링 잇 온
bubble attack	버블 어택
BUCHiGiRE Berserker	부치기레 버서커
BULK UP (GAME EXCLUSIVE EDIT)	벌크업
Burn it All	번 잇 올
Burn!!!	번
C & B	씨앤비
c.s.q.n.	씨에스큐엔
Calamity Fortune	캘러미티 포춘
Caliburne ～Story of the Legendary sword～	칼리번
Campus mode!!	캠퍼스 모드
Candy Tall Woman	캔디 톨 우먼
Catch Me If You Can	캐치 미 이프 유 캔
Caterpillar Song	캐터필러 송
CELERITAS	셀레리타스
Challenger!!	챌린저
Change Our MIRAI！	체인지 아워 미라이
CHAOS	카오스
Chaotic Ørder	카오틱 오더
Chasing destiny	체이싱 데스티니
CHOCOLATE BOMB!!!!	초콜릿 봄
Chronomia	크로노미아
Churros Parlor	츄로스 팔러
Cider P@rty	사이다 파티
Cinderella Story [BlackY Remix]	신데렐라 스토리
CiRCLE CAMPAiGN	서클 캠페인
CITRUS MONSTER	시트러스 몬스터
Climax	클라이맥스
Club Ibuki in Break All	클럽 이부키
CO5M1C R4ILR0AD	코스믹 레일로드
Colorfull:Encounter	컬러풀 인카운터
Comet Panto Men!	코멧 판토 멘
Complex Mind	콤플렉스 마인드
conflict	컨플릭트
connecting with you	커넥팅 위드 유
Contrapasso -inferno-	콘트라파소 인페르노	콘트라파소
Contrapasso -paradiso-	콘트라파소 파라디소
Cosmic Magic Shooter	코즈믹 매직 슈터
Crack	크랙
crazy (about you)	크레이지 어바웃 유
Credits	크레딧
Crimson Phoenix	크림슨 피닉스
Crossmythos Rhapsodia	크로스미토스 랩소디아	크로스미토스
Crush On You	크러시 온 유
Crush the Dystopia	크러시 더 디스토피아
Cryptarithm	크립타리듬
Crystallize	크리스털라이즈
Cthugha	크투가
Cult future	컬트 퓨처
Customized Justice	커스터마이즈드 저스티스
Cyaegha	시아이가	키아이가
CYBER Sparks	사이버 스파크스
Cyberozar	사이버로자르
CYCLES	사이클스
DA'AT -The First Seeker of Souls-	다아트
DADDY MULK -Groove remix-	대디 멀크
DANGEROOOOUS JUNGLE	데인저러스 정글
Danza zandA	단자 잔다
Daphnis	다프니스
DATAERR0R	데이터에러
DataErr0r	데이터에러
Daydreama	데이드리머
Dazzle hop	대즐 홉
deadeye	데드아이
Death Doll	데스 돌
Death Scythe	데스 사이드
Deep Blue	딥 블루
Define	디파인
Deicide	디어사이드
Dengeki Tube	덴게키 튜브
Desperado Waltz	데스페라도 왈츠
Destined Marionette	데스티니드 마리오네트
Destiny Runner	데스티니 러너
Destr0yer	디스트로이어
DESTRUCTION 3,2,1	디스트럭션 321
DETARAME ROCK&ROLL THEORY	데타라메 로큰롤 시어리
Devastating Blaster	데버스테이팅 블래스터
DEVOTION	디보션
DEvourER	디보어러
Disruptor Array	디스럽터 어레이
Dive into The Sky ～initialized～	다이브 인투 더 스카이
Dive into the ZONe	다이브 인투 더 존
Divide et impera!	디비데 엣 임페라
DO RORO DERODERO ON DO RORO	도로로 데로데로
Doll Judgment	돌 저지먼트
DOMiNUS_GRAiL	도미누스 그레일
Don't Fight The Music	돈 파이트 더 뮤직
Doppelganger	도플갱어
DRAGONLADY	드래곤레이디
Dragoon	드라군
Dramatic…?	드라마틱
Dreadnought	드레드노트
Drivessover	드라이브스오버
DROPS feat. Such	드롭스
DUAL ROZES	듀얼 로지즈
Dèfandour	데팡두르
D✪N’T  ST✪P  R✪CKIN’	돈트 스톱 로킹
ECHO	에코
Edelweiss	에델바이스
eden	에덴
Elemental Creation	엘리멘탈 크리에이션
Elemental Ethnic	엘리멘탈 에스닉
Elusive Enforcer	일루시브 인포서
emomomo	에모모모
Empire of Winter	엠파이어 오브 윈터
enchanted love	인챈티드 러브
enchanted wanderer	인챈티드 원더러
End of Twilight	엔드 오브 트와일라잇
End Time	엔드 타임
Endless World	엔드리스 월드
Endless, Sleepless Night	엔드리스 슬립리스 나이트
ENDYMION	엔디미온
Energizing Flame	에너자이징 플레임
ENERGY SYNERGY MATRIX	에너지 시너지 매트릭스
energy trixxx	에너지 트릭스
Entrance	엔트런스
ERIS -Legend of Gaidelia-	에리스
Estahv	에스타브
Eternal Return	이터널 리턴
Ether Second	에테르 세컨드
Ether Strike	에테르 스트라이크
Eureka	유레카
Evans	에반스
EVERGREEN	에버그린
Everlasting Liberty	에버래스팅 리버티
Everlasting Today	에버래스팅 투데이
Everybody Say HARDCORE TANO*C	에브리바디 세이 하드코어
Everything Will Be One	에브리씽 윌 비 원
Excalibur ～Revived resolution～	엑스칼리버
Exitium	엑시티움
EYE	아이
Falling	폴링
False Amber (from the Black Bazaar, Or by A Kervan Trader from the Lands Afar, Or Buried Beneath the Shifting Sands That Lead Everywhere but Nowhere)	폴스 앰버
Falsum Atlantis.	팔숨 아틀란티스
FEEL ALIVE	필 얼라이브
Feel My Fire	필 마이 파이어
FEEL the BEATS	필 더 비츠
Feel The Luv	필 더 러브
felys -final remix-	펠리스
FestivaLight	페스티벌라이트
FFT	에프에프티
Fidget Dancer	피젯 댄서
Final Step!	파이널 스텝
Finite	파이나이트
First Dance	퍼스트 댄스
Flap&Clap	플랩 앤 클랩
Flashback	플래시백
Flashkick	플래시킥
FLOWER	플라워
FLUFFY FLASH	플러피 플래시
FLΛME/FRΦST	플레임 프로스트
folern	폴런
Forsaken Tale	포세이큰 테일
Fracture Ray	프랙처 레이
Fragrance	프래그런스
Fraq	프랙
Freak Out Hr.	프릭 아웃
FREEDOM DiVE	프리덤 다이브	프리덤다이브
FREEDOM DiVE (tpz Overcute Remix)	프리덤 다이브 오버큐트
FUJIN Rumble	후진 럼블
G e n g a o z o	겐가오조
Galaxy Blaster	갤럭시 블래스터
Galaxy Collapse	갤럭시 콜랩스
Garakuta Doll Play	가라쿠타 돌 플레이
Garden Of The Dragon	가든 오브 더 드래곤
Gate of Doom	게이트 오브 둠
Gate of Fate	게이트 오브 페이트
GEMINI -C-	제미니 씨
GEMINI -M-	제미니 엠
Genesis	제네시스
GEOMETRIC DANCE	지오메트릭 댄스
Geranium	제라늄
GERBERA	거베라
Get Happy	겟 해피
Get U ♭ack	겟 유 백
Ghost Dance	고스트 댄스
GIGA BLAST	기가 블래스트
GIGA DRIVE	기가 드라이브
GIGANTØMAKHIA	기간토마키아
Giselle	지젤
Glorious Crown	글로리어스 크라운
Glorious Crown (tpz over-Over-OVERCUTE REMIX)	글로리어스 크라운 오버큐트
glory MAX -to the MAXimum-	글로리 맥스
GO BACK 2 YOUR RAVE	고 백 투 유어 레이브
God knows...	갓 노우즈
God only knows	갓 온리 노우즈
GODLINESS	갓리니스
GOLDEN RULE	골든 룰
Good bye, Merry-Go-Round.	굿바이 메리고라운드
Good Bye, Mr. Jack	굿바이 미스터 잭
GOODMEN	굿맨
GOODTEK	굿텍
Got more raves？	갓 모어 레이브스
Grievous Lady	그리버스 레이디
Grip & Break down !!	그립 앤 브레이크 다운
GRÄNDIR	그랜디르
Guilty	길티
Gustav Battle	구스타프 배틀
HAELEQUIN (Original Remaster)	할리퀸
HAGAKIRI	하가키리
Hainuwele	하이누웰레
Halcyon	할시온	헬시온
Halfway(>∀<)	하프웨이
HANIPAGANDA	하니파간다
Hardsync	하드싱크
Heartbeats	하트비츠
Heavenly Blast	헤븐리 블래스트
HECATONCHEIR	헤카톤케이르	헤카톤케일
HeinousЯeaper	헤이너스 리퍼
Hello, Hologram	헬로 홀로그램
Help me, ERINNNNNN!!	헬프 미 에린	에린
HERA	헤라
Horoscope Express	호로스코프 익스프레스
HUMANBORG	휴먼보그
Hurtling Boys	허틀링 보이즈
Hydra	히드라
HYP3RTRIBE	하이퍼트라이브
Hyper Active	하이퍼 액티브
Hyperion	히페리온	하이페리온
hyperreality	하이퍼리얼리티
I Wanna	아이 워너
I'll make you Super Rock Star	아일 메이크 유 슈퍼 록스타
Idoratrize World	아이도라트라이즈 월드
Ievan Polkka	이에반 폴카
IF:U	이프 유
Igallta	이갈타
Ignis Danse	이그니스 당스
IMAWANOKIWA	이마와노키와
IMBRUED:FLUX	임브루드 플럭스
Imitation:Loud Lounge	이미테이션 라우드 라운지
IMPACT	임팩트
Imperishable Night 2006 (2016 Refine)	임퍼리셔블 나이트
Imprinting	임프린팅
In Chaos	인 카오스
In my world (Prod. KOTONOHOUSE)	인 마이 월드
In the Straying Story	인 더 스트레잉 스토리
Infantoon Fantasy	인판툰 판타지
INFiNiTE ENERZY -Overdoze-	인피니트 에너지
Innocent Truth	이노센트 트루스
Insane Gamemode	인세인 게임모드
INTERNET OVERDOSE	인터넷 오버도즈
INTERNET YAMERO	인터넷 야메로
Invisible Frenzy	인비저블 프렌지
Invitation	인비테이션
Irresistible	이리지스터블
Iudicium	유디키움
Iudicium “Apocalypsis Mix”	유디키움 아포칼립시스
I’m Here (feat. Merry Kirk-Holmes)	아임 히어
J219	제이219
Jack-the-Ripper◆	잭 더 리퍼
JACKY [Remix]	재키
Jade Star	제이드 스타
Jakarta PROGRESSION	자카르타 프로그레션
jaQup	자쿠프
JIGOKU STATION CENTRAL GATE	지고쿠 스테이션
Jimang Shot	지망 샷
JINGLE DEATH	징글 데스
Joe Fight	조 파이트
Jouez Avec Moi?	주에 아벡 무아
Jumble Rumble	점블 럼블
JUMPIN' JUMPIN'	점핀 점핀
Justified	저스티파이드
Jörqer	요르커
Kairos	카이로스
Kaleidoscope	칼레이도스코프
Kattobi KEIKYU Rider	갓토비 게이큐 라이더
keep hopping	킵 호핑
KHYMΞXΛ	키멕사
Killing Rhythm	킬링 리듬
KiLLKiSS	킬키스
KING	킹
KING is BACK!!	킹 이즈 백
KISS CANDY FLAVOR	키스 캔디 플레이버
Knight Rider	나이트 라이더
Komplexe	콤플렉세
L'épilogue	레필로그
L'épisode	레피소드
L9	엘나인
LAMIA	라미아
LANCE	랜스
Lapis	라피스
larva	라바
Last Brave ～ Go to zero	라스트 브레이브
Last Celebration	라스트 셀러브레이션
Last Kingdom	라스트 킹덤
LAST PROPOZE	라스트 프로포즈
Last Samurai	라스트 사무라이
Latent Kingdom	레이턴트 킹덤
Leave All Behind	리브 올 비하인드
Lemegeton -little key of solomon-	레메게톤
Lia=Fail	리아 파일
LibrariA	라이브러리아
Life	라이프
Life Feels Good	라이프 필즈 굿
LiftOff	리프트오프
Lights of Muse	라이츠 오브 뮤즈
Like the Wind [Reborn]	라이크 더 윈드
Limit Break	리미트 브레이크
Limits	리미츠
Link	링크
Lionheart	라이언하트
Lips XTC -Sorist Remix-	립스 엑스터시
Little "Sister" Bitch	리틀 시스터
Live & Learn	리브 앤 런
Lividi	리비디
Longinus	롱기누스
LOSE CONTROL	루즈 컨트롤
Lost Desire	로스트 디자이어
Lostwizz	로스트위즈
Love & Justice	러브 앤 저스티스
Love Kills U	러브 킬즈 유
Lovely Lovely Lover	러블리 러블리 러버
Lover's Trick	러버스 트릭
LUCIA	루시아
Luminaria	루미나리아
Luminescence	루미네선스
luminoid love PART2	루미노이드 러브
luna blu	루나 블루
Lunar Mare	루나 마레
Lunatic Vibes	루나틱 바이브스
Löschen	뢰셴
M.L.V.G	엠엘브이지
M@GICAL☆CURE! LOVE ♥ SHOT!	매지컬 큐어 러브 샷
Maboroshi	마보로시
macrocosmos	매크로코스모스
MAGENTA POTION	마젠타 포션
Magical Flavor	매지컬 플레이버
Magical Paradox	매지컬 패러독스
Magical Sound Shower	매지컬 사운드 샤워
magician's operation	매지션스 오퍼레이션
MAGNETAR GIRL	마그네타 걸
MAKE IT FUNKY NOW	메이크 잇 펑키 나우
Makear	메이키어
MALKUTH -The Last Ruler of Terrestrials-	말쿠트
Malleus Maleficarum	말레우스 말레피카룸
MarbleBlue.	마블블루
Mare Maris	마레 마리스
MARENOL	마레놀
Marigold	메리골드
Maxi	맥시
MAXRAGE	맥스레이지
MEGALOVANIA	메갈로바니아
Megameteor	메가메테오
MEGATON BLAST	메가톤 블래스트
MEGATON KICK	메가톤 킥
MegiddØ	메기도
Melodiniq	멜로디닉
MELtin' 17	멜틴 세븐틴
Metamorphosism	메타모르포시즘
METATRON	메타트론
MeteorSnow	메테오스노우
MilK	밀크
MIRROR of MAGIC	미러 오브 매직
Mjölnir	묠니르
MOBILYS	모빌리스
MOMOCO68000	모모코
Money Money	머니 머니
Monochrome Rainbow	모노크롬 레인보우
Moon of Noon	문 오브 눈
MORNINGLOOM	모닝룸
Mr. Wonderland	미스터 원더랜드
MUSIC PЯAYER	뮤직 프레이어
Mutation	뮤테이션
My Dearest Song	마이 디어리스트 송
My First Phone	마이 퍼스트 폰
my flow	마이 플로우
My My My	마이 마이 마이
Mysterious Destiny	미스테리어스 데스티니
Mystic Parade	미스틱 퍼레이드
mystique as iris	미스틱 애즈 아이리스
MYTH Re：LEASE	미스 릴리즈
MYTHOS	미토스
N3V3R G3T OV3R	네버 겟 오버
NAGAREBOSHI☆ROCKET	나가레보시 로켓
Name of oath	네임 오브 오스
Neon Kingdom	네온 킹덤
Nerverakes	너브레이크스
neu	노이
Never Give Up!	네버 기브 업
New York Back Raise	뉴욕 백 레이즈
Nhelv	넬브
Night Fly	나이트 플라이
NightTheater	나이트 시어터
NIGHTWAVE FRAGMENTS	나이트웨이브 프래그먼츠
Nijirate Fanatics	니지레이트 퍼내틱스
Nitrous Fury	나이트러스 퓨리
NO ONE YES MAN	노 원 예스 맨
No Routine	노 루틴
NOIZY BOUNCE	노이지 바운스
Now or Never	나우 오어 네버
NULCTRL	널컨트롤
Nyan Cat	냥캣
Nyan Cat EX	냥캣 이엑스
oboro	오보로
Odin	오딘
OMAKENO Stroke	오마케노 스트로크
One Step Ahead	원 스텝 어헤드
Opfer	옵퍼
Oracle	오라클
Oshama Scramble!	오샤마 스크램블
Oshama Scramble! (Cranky Remix)	오샤마 스크램블 크랭키
OTOGEMA	오토게마
otorii INNOVATED -[i]3-	오토리 이노베이티드
Our Wrenally	아워 렌얼리
Ourania	우라니아
ouroboros -twin stroke of the end-	우로보로스
Outlaw's Lullaby	아웃로스 럴러바이
OUTRAGE	아웃레이지
Overdose	오버도즈
Overhea[r]t	오버하트
Overjoy ★ OVERDOSE!!	오버조이 오버도즈
Overturn	오버턴
ozma	오즈마
P-qoq	피콕
PANDORA PARADOXXX	판도라 패러독스
Pangaea	판게아
Panopticon	파놉티콘
Paqqin (tpz Despair Remix)	파킨
Parad'ox	패러독스
Paradisoda	파라디소다
Paradisus-Paradoxum	파라디수스 파라독숨
Paranoia	파라노이아
Parousia	파루시아
Party 4U ”holy nite mix”	파티 포유
Party☆People☆Princess	파티 피플 프린세스
parvorbital	파보비탈
Pastel Party	파스텔 파티
Pastel Sprinkles	파스텔 스프링클스
PERSONA feat. PANXI	페르소나
Phantasm Brigade	판타즘 브리게이드
Phantom Crisis	팬텀 크라이시스
PhenomenoN	페노메논
Philosopher	필로소퍼
Photon Melodies	포톤 멜로디스
PinqPiq (xovevox Remix)	핑크피크
Pixel Galaxy	픽셀 갤럭시
planet dancer	플래닛 댄서
POP TEAM EPIC	팝 팀 에픽
popcorn	팝콘
POTENTIAL	포텐셜
POWER OF UNITY	파워 오브 유니티
PRAGMATISM -RESURRECTION-	프래그머티즘
Pre Paid Pog Punk Panic	프리페이드 포그 펑크 패닉
Princess♂	프린세스
PRIVATE SERVICE	프라이빗 서비스
Prominence	프로미넌스
Prophesy One	프로퍼시 원
PUPA	퓨파
Pure Ruby	퓨어 루비
Qliphothgear	클리포트기어
Quartet Theme [Reborn]	콰르텟 테마
QUATTUORUX	콰투오룩스
QuiQ	퀵
QZKago Requiem	큐즈카고 레퀴엠	방과후 레퀴엠
R'N'R Monsta	로큰롤 몬스타
R.I.P.	알아이피
RAD DOGS	래드 독스
Radiance	래디언스
Ragnarok	라그나로크
Rainbow Rush Story	레인보우 러시 스토리
Random	랜덤
raputa	라퓨타
Raven Emperor	레이븐 엠퍼러
RE:INCARNATED DRAGNER	리인카네이티드 드래그너
Re:Still	리스틸
Re:Unknown X	리언노운 엑스
Reach For The Stars	리치 포 더 스타즈
Reach For The Stars (Re-Colors)	리치 포 더 스타즈 리컬러스
Rebellion	리벨리온
RED	레드
Redemption	리뎀션
REDRAVE	레드레이브
Ref:rain (for 7th Heaven)	레프레인
Regulus	레굴루스
RELOAD	리로드
Resolution	레졸루션
Restricted Access	리스트릭티드 액세스
Retribution ～ Cycle of Redemption ～	레트리뷰션
Reverberate	리버버레이트
Reverie ft. xia	레버리
Revive The Rave	리바이브 더 레이브
Revived	리바이브드
Re：End of a Dream	리 엔드 오브 어 드림	엔드 오브 어 드림
RIDGE RACER STEPS -GMT remix-	릿지 레이서 스텝스
RIFFRAIN	리프레인
Ringed Genesis	링드 제네시스
Rising on the horizon	라이징 온 더 호라이즌
Road to Aventura	로드 투 아벤투라
Rodeo Machine	로데오 머신
RondeauX of RagnaroQ	론도 오브 라그나로크
Rooftop Run: Act1	루프탑 런
Round Round Spinning Around	라운드 라운드 스피닝 어라운드
Rrhar'il	르하릴
Rule the World!!	룰 더 월드
Rush-Hour	러시아워
Rush-More	러시모어
Ré：Ré	레레
Sage	세이지
Sakura Fubuki	사쿠라 후부키
Satellite System ft.Diana Chiaki	새틀라이트 시스템
Save This World νMIX	세이브 디스 월드
SAVIOR OF SONG	세이비어 오브 송
Scarlet Lance	스칼렛 랜스
Scars of FAUNA	스카스 오브 파우나
Schrecklicher Aufstand	슈레클리허 아우프슈탄트
Schwarzschild	슈바르츠실트
Scream out! -maimai SONIC WASHER Edit-	스크림 아웃
Scythe of Death	사이드 오브 데스
Secret Sleuth	시크릿 슬루스
See The Light	씨 더 라이트
Selector	셀렉터
Sheriruth	셰리루스
Signature	시그니처
SILENT BLUE	사일런트 블루
Singularity	싱귤래리티
SINister Evolution	시니스터 에볼루션
snooze	스누즈
Snow Colored Score	스노우 컬러드 스코어
SON OF SUN	선 오브 선
Sound Chimera	사운드 키메라
Southern Cross	서던 크로스
Space Harrier Main Theme [Reborn]	스페이스 해리어
Sparking Revolver	스파킹 리볼버
Spasmodic	스패즈모딕
SPICY SWINGY STYLE	스파이시 스윙이 스타일
SPILL OVER COLORS	스필 오버 컬러스
Spin me harder	스핀 미 하더
Splash Dance!!	스플래시 댄스
Sprintrances	스프린트랜스
Sqlupp	스클럽
Sqlupp (Camellia's "Sqleipd*Hiytex" Remix)	스클럽 카멜리아
SQUAD-Phvntom-	스쿼드 팬텀
STAIRWAY TO GENERATION	스테어웨이 투 제너레이션
Star Saveler	스타 세이블러
Stardust Memories	스타더스트 메모리즈
Stardust:RAY	스타더스트 레이
Stargazing Dreamer	스타게이징 드리머
Starlight Disco	스타라이트 디스코
Starlight★Limited	스타라이트 리미티드
Starry Colors	스타리 컬러스
Steamed on the Beat	스팀드 온 더 비트
STEEL TRANSONIC	스틸 트랜소닉
STEREOSCAPE	스테레오스케이프
Still	스틸
Strahv	스트라브
Straight into the lights	스트레이트 인투 더 라이츠
Strange Bar	스트레인지 바
Strange Love	스트레인지 러브
Streak	스트릭
Strive against fate	스트라이브 어게인스트 페이트
StufeStern	슈투페슈테른
Sun Dance	선 댄스
Sunday Night feat Kanata.N	선데이 나이트
Sunlight Starlight	선라이트 스타라이트
SUPER AMBULANCE	슈퍼 앰뷸런스
Super Lovely (Heavenly Remix)	슈퍼 러블리
Superbia	수페르비아
Supersonic Generation	슈퍼소닉 제너레이션
Surrogate Life	서로게이트 라이프
Surveiller et punir	쉬르베예 에 퓌니르
Sweet & Sour	스위트 앤 사워
sweet little sister	스위트 리틀 시스터
Sweet Requiem	스위트 레퀴엠
Sweets Time	스위츠 타임
Swift Swing	스위프트 스윙
Synthesis.	신시시스
System “Z”	시스템 제트
sølips	솔립스
taboo tears you up	타부 티어스 유 업
Taiko Drum Monster	타이코 드럼 몬스터
Tango Rouge	탱고 루주
Technicians High	테크니션스 하이
TECHNOPOLIS 2085	테크노폴리스
Tell Your World	텔 유어 월드
Tempestissimo	템페스티시모
TEmPTaTiON	템테이션
Teriqma	테리크마
Terminal Storm	터미널 스톰
The 90's Decision	더 나인티스 디시전
The Cursed Doll	더 커스드 돌
The Devil Incarnate	더 데빌 인카네이트
the EmpErroR	디 엠페러	엠페러
The Gong of Knockout	더 공 오브 녹아웃
The Great Banquet	더 그레이트 뱅큇
The Metaverse -First story of the SeelischTact-	더 메타버스	메타버스
The Music of Violent Eating	더 뮤직 오브 바이올런트 이팅
THE TRiANGLE	더 트라이앵글	트라이앵글
tHE uNcontRollaBle ciNdeRella	디 언컨트롤러블 신데렐라
The wheel to the right	더 휠 투 더 라이트
Theatore Creatore	테아토레 크레아토레
Theme of SeelischTact	테마 오브 젤리쉬택트
Therapeutic Hoedown	테라퓨틱 호다운
This game	디스 게임
TiamaT:F minor	티아마트
Tidal Wave	타이달 웨이브
Tie me down gently	타이 미 다운 젠틀리
tiny tales continue	타이니 테일즈 컨티뉴
Titania	티타니아
TOXIC	톡식
To：Be Continued	투 비 컨티뉴드
Trackless wilderness	트랙리스 와일더니스
Transcend Lights	트랜센드 라이츠
Trick tear	트릭 티어
Tricolor⁂circuS	트리컬러 서커스
Trrricksters!!	트릭스터즈
Tru'nembra	트루넴브라
TRUST	트러스트
Trust	트러스트
Tuatha Dé Danann	투아하 데 다난
Tuk Tuk Boshi	툭툭보시
Turn around	턴 어라운드
Twice up Scenery	트와이스 업 시너리
Twilight	트와일라잇
TwisteD! XD	트위스티드
U ARE	유 아
Ultimate Force	얼티밋 포스
Ultimate taste	얼티밋 테이스트
ULTRA B+K	울트라 비케이
ULTRA POWER	울트라 파워
ULTRA SYNERGY MATRIX	울트라 시너지 매트릭스
UltraNeon	울트라네온
Ultranova	울트라노바
Unfinished Epic	언피니시드 에픽
UniTas	우니타스
Unlimited Spark!	언리미티드 스파크
Unwelcome School	언웰컴 스쿨
Upshift	업시프트
Urban Crusher [Remix]	어반 크러셔
VALLIS-NERIA	발리스네리아
Vallista	발리스타
Valsqotch	발스코치
Vampire	뱀파이어
VANTABLACK RAVER	반타블랙 레이버
VeRForTe αRtE:VEiN	베르포르테 아르테
Verse X	버스 엑스
VERTeX	버텍스
VERTeX (rintaro soma deconstructed remix)	버텍스 리믹스
Vibes 2k20	바이브스
Vibrant Verve	바이브런트 버브
VIIIbit Explorer	에잇비트 익스플로러
ViRTUS	비르투스
Viyella's Scream	비엘라스 스크림
Viyella's Tears	비엘라스 티어스
volcanic	볼케이닉
VOLT	볼트
VOLTAGE	볼티지
VSpook!	브이스푸크
Walzer für das Nichts	발처 퓌어 다스 니히츠
Warcry	워크라이
Warp Speed	워프 스피드
We Are Us	위 아 어스
We Gonna Journey	위 고나 저니
We Gonna Party	위 고나 파티
We Gonna Party -Feline Groove Mix-	위 고나 파티 펠라인
WE'RE BACK!!	위아 백
What's up? Pop!	왓츠업 팝
White Traveling Girl	화이트 트래블링 걸
Wildfire	와일드파이어
Windy Hill -Zone 1	윈디 힐
Wing:No.6223	윙
WiPE OUT MEMORIES	와이프 아웃 메모리즈
with U	위드 유
Wizdomiot	위즈도미엇
World Vanquisher	월드 뱅퀴셔
World's end BLACKBOX	월즈 엔드 블랙박스
World's end loneliness	월즈 엔드 론리니스
WWW	더블유더블유더블유
X7124	엑스7124
Xaleid◆scopiX	잘레이도스코픽스	잘레이드
Xenovcipher	제노브사이퍼
Xevel	제벨
XL TECHNO -More Dance Remix-	엑스엘 테크노
Yakumo >>JOINT STRUGGLE (2019 Update)	야쿠모
YA･DA･YO [Reborn]	야다요
YKWTD	와이케이더블유티디
Yorugao	요루가오
You Mean the World to Me	유 민 더 월드 투 미
YOUNITHM	유니즘
YU-MU	유무
YURUSHITE	유루시테
ZegalltA	제갈타
ZEUS	제우스
Zitronectar	치트로넥타
Åntinomiε	안티노미
βlαnoir	블라누아르	블랑누아르
Λlteration	얼터레이션
Λzure Vixen	애저 빅센	아주르 빅센
μ3	뮤쓰리
χρόνος	크로노스
Ωκεανος	오케아노스
ΩΩPARTS	오오파츠
ℝ∈Χ LUNATiCA	렉스 루나티카
∀	턴에이
★LittlE HearTs★	리틀 하츠
ｉｓｏｐｈｏｔｅ	아이소포트
